<?xml version="1.0" encoding="UTF-8"?>
<project-private xmlns="http://www.netbeans.org/ns/project-private/1">
    <editor-bookmarks xmlns="http://www.netbeans.org/ns/editor-bookmarks/2" lastBookmarkId="0"/>
    <open-files xmlns="http://www.netbeans.org/ns/projectui-open-files/2">
        <group>
            <file>file:/F:/UNIVERSIDAD/UCV/8%20CICLO/CALIDAD%20DE%20SOFTWARE/PROYECTO%20FINAL/ProyectoConsultorioPsicologico/ProyectoConsultorioPsicologico/src/capa/presentacion/jdHorarioPsicologo.java</file>
            <file>file:/F:/UNIVERSIDAD/UCV/8%20CICLO/CALIDAD%20DE%20SOFTWARE/PROYECTO%20FINAL/ProyectoConsultorioPsicologico/ProyectoConsultorioPsicologico/src/capa/persistencia/HorarioPsicologoDAO.java</file>
            <file>file:/F:/UNIVERSIDAD/UCV/8%20CICLO/CALIDAD%20DE%20SOFTWARE/PROYECTO%20FINAL/ProyectoConsultorioPsicologico/ProyectoConsultorioPsicologico/src/capa/dominio/Cita.java</file>
            <file>file:/F:/UNIVERSIDAD/UCV/8%20CICLO/CALIDAD%20DE%20SOFTWARE/PROYECTO%20FINAL/ProyectoConsultorioPsicologico/ProyectoConsultorioPsicologico/src/capa/persistencia/CitaDAO.java</file>
            <file>file:/F:/UNIVERSIDAD/UCV/8%20CICLO/CALIDAD%20DE%20SOFTWARE/PROYECTO%20FINAL/ProyectoConsultorioPsicologico/ProyectoConsultorioPsicologico/src/capa/aplicacion/ServicioRegistrarCita.java</file>
            <file>file:/F:/UNIVERSIDAD/UCV/8%20CICLO/CALIDAD%20DE%20SOFTWARE/PROYECTO%20FINAL/ProyectoConsultorioPsicologico/ProyectoConsultorioPsicologico/src/capa/dominio/GenerarCodigo.java</file>
            <file>file:/F:/UNIVERSIDAD/UCV/8%20CICLO/CALIDAD%20DE%20SOFTWARE/PROYECTO%20FINAL/ProyectoConsultorioPsicologico/ProyectoConsultorioPsicologico/src/capa/aplicacion/ServicioRegistrarHorarioPsicologo.java</file>
            <file>file:/F:/UNIVERSIDAD/UCV/8%20CICLO/CALIDAD%20DE%20SOFTWARE/PROYECTO%20FINAL/ProyectoConsultorioPsicologico/ProyectoConsultorioPsicologico/src/capa/presentacion/jdRegistrarCitas.java</file>
        </group>
    </open-files>
</project-private>
